grid_id,min_lon,min_lat,max_lon,max_lat
A-1,126.76400000,37.70601689,126.77533269,37.71500000
A-2,126.77533269,37.70601689,126.78666537,37.71500000
A-3,126.78666537,37.70601689,126.79799806,37.71500000
A-4,126.79799806,37.70601689,126.80933074,37.71500000
A-5,126.80933074,37.70601689,126.82066343,37.71500000
A-6,126.82066343,37.70601689,126.83199611,37.71500000
A-7,126.83199611,37.70601689,126.84332880,37.71500000
A-8,126.84332880,37.70601689,126.85466148,37.71500000
A-9,126.85466148,37.70601689,126.86599417,37.71500000
A-10,126.86599417,37.70601689,126.87732685,37.71500000
A-11,126.87732685,37.70601689,126.88865954,37.71500000
A-12,126.88865954,37.70601689,126.89999222,37.71500000
A-13,126.89999222,37.70601689,126.91132491,37.71500000
A-14,126.91132491,37.70601689,126.92265759,37.71500000
A-15,126.92265759,37.70601689,126.93399028,37.71500000
A-16,126.93399028,37.70601689,126.94532296,37.71500000
A-17,126.94532296,37.70601689,126.95665565,37.71500000
A-18,126.95665565,37.70601689,126.96798833,37.71500000
A-19,126.96798833,37.70601689,126.97932102,37.71500000
A-20,126.97932102,37.70601689,126.99065370,37.71500000
A-21,126.99065370,37.70601689,127.00198639,37.71500000
A-22,127.00198639,37.70601689,127.01331907,37.71500000
A-23,127.01331907,37.70601689,127.02465176,37.71500000
A-24,127.02465176,37.70601689,127.03598444,37.71500000
A-25,127.03598444,37.70601689,127.04731713,37.71500000
A-26,127.04731713,37.70601689,127.05864981,37.71500000
A-27,127.05864981,37.70601689,127.06998250,37.71500000
A-28,127.06998250,37.70601689,127.08131518,37.71500000
A-29,127.08131518,37.70601689,127.09264787,37.71500000
A-30,127.09264787,37.70601689,127.10398055,37.71500000
A-31,127.10398055,37.70601689,127.11531324,37.71500000
A-32,127.11531324,37.70601689,127.12664592,37.71500000
A-33,127.12664592,37.70601689,127.13797861,37.71500000
A-34,127.13797861,37.70601689,127.14931129,37.71500000
A-35,127.14931129,37.70601689,127.16064398,37.71500000
A-36,127.16064398,37.70601689,127.17197666,37.71500000
A-37,127.17197666,37.70601689,127.18330935,37.71500000
A-38,127.18330935,37.70601689,127.19464203,37.71500000
B-1,126.76400000,37.69703378,126.77533269,37.70601689
B-2,126.77533269,37.69703378,126.78666537,37.70601689
B-3,126.78666537,37.69703378,126.79799806,37.70601689
B-4,126.79799806,37.69703378,126.80933074,37.70601689
B-5,126.80933074,37.69703378,126.82066343,37.70601689
B-6,126.82066343,37.69703378,126.83199611,37.70601689
B-7,126.83199611,37.69703378,126.84332880,37.70601689
B-8,126.84332880,37.69703378,126.85466148,37.70601689
B-9,126.85466148,37.69703378,126.86599417,37.70601689
B-10,126.86599417,37.69703378,126.87732685,37.70601689
B-11,126.87732685,37.69703378,126.88865954,37.70601689
B-12,126.88865954,37.69703378,126.89999222,37.70601689
B-13,126.89999222,37.69703378,126.91132491,37.70601689
B-14,126.91132491,37.69703378,126.92265759,37.70601689
B-15,126.92265759,37.69703378,126.93399028,37.70601689
B-16,126.93399028,37.69703378,126.94532296,37.70601689
B-17,126.94532296,37.69703378,126.95665565,37.70601689
B-18,126.95665565,37.69703378,126.96798833,37.70601689
B-19,126.96798833,37.69703378,126.97932102,37.70601689
B-20,126.97932102,37.69703378,126.99065370,37.70601689
B-21,126.99065370,37.69703378,127.00198639,37.70601689
B-22,127.00198639,37.69703378,127.01331907,37.70601689
B-23,127.01331907,37.69703378,127.02465176,37.70601689
B-24,127.02465176,37.69703378,127.03598444,37.70601689
B-25,127.03598444,37.69703378,127.04731713,37.70601689
B-26,127.04731713,37.69703378,127.05864981,37.70601689
B-27,127.05864981,37.69703378,127.06998250,37.70601689
B-28,127.06998250,37.69703378,127.08131518,37.70601689
B-29,127.08131518,37.69703378,127.09264787,37.70601689
B-30,127.09264787,37.69703378,127.10398055,37.70601689
B-31,127.10398055,37.69703378,127.11531324,37.70601689
B-32,127.11531324,37.69703378,127.12664592,37.70601689
B-33,127.12664592,37.69703378,127.13797861,37.70601689
B-34,127.13797861,37.69703378,127.14931129,37.70601689
B-35,127.14931129,37.69703378,127.16064398,37.70601689
B-36,127.16064398,37.69703378,127.17197666,37.70601689
B-37,127.17197666,37.69703378,127.18330935,37.70601689
B-38,127.18330935,37.69703378,127.19464203,37.70601689
C-1,126.76400000,37.68805066,126.77533269,37.69703378
C-2,126.77533269,37.68805066,126.78666537,37.69703378
C-3,126.78666537,37.68805066,126.79799806,37.69703378
C-4,126.79799806,37.68805066,126.80933074,37.69703378
C-5,126.80933074,37.68805066,126.82066343,37.69703378
C-6,126.82066343,37.68805066,126.83199611,37.69703378
C-7,126.83199611,37.68805066,126.84332880,37.69703378
C-8,126.84332880,37.68805066,126.85466148,37.69703378
C-9,126.85466148,37.68805066,126.86599417,37.69703378
C-10,126.86599417,37.68805066,126.87732685,37.69703378
C-11,126.87732685,37.68805066,126.88865954,37.69703378
C-12,126.88865954,37.68805066,126.89999222,37.69703378
C-13,126.89999222,37.68805066,126.91132491,37.69703378
C-14,126.91132491,37.68805066,126.92265759,37.69703378
C-15,126.92265759,37.68805066,126.93399028,37.69703378
C-16,126.93399028,37.68805066,126.94532296,37.69703378
C-17,126.94532296,37.68805066,126.95665565,37.69703378
C-18,126.95665565,37.68805066,126.96798833,37.69703378
C-19,126.96798833,37.68805066,126.97932102,37.69703378
C-20,126.97932102,37.68805066,126.99065370,37.69703378
C-21,126.99065370,37.68805066,127.00198639,37.69703378
C-22,127.00198639,37.68805066,127.01331907,37.69703378
C-23,127.01331907,37.68805066,127.02465176,37.69703378
C-24,127.02465176,37.68805066,127.03598444,37.69703378
C-25,127.03598444,37.68805066,127.04731713,37.69703378
C-26,127.04731713,37.68805066,127.05864981,37.69703378
C-27,127.05864981,37.68805066,127.06998250,37.69703378
C-28,127.06998250,37.68805066,127.08131518,37.69703378
C-29,127.08131518,37.68805066,127.09264787,37.69703378
C-30,127.09264787,37.68805066,127.10398055,37.69703378
C-31,127.10398055,37.68805066,127.11531324,37.69703378
C-32,127.11531324,37.68805066,127.12664592,37.69703378
C-33,127.12664592,37.68805066,127.13797861,37.69703378
C-34,127.13797861,37.68805066,127.14931129,37.69703378
C-35,127.14931129,37.68805066,127.16064398,37.69703378
C-36,127.16064398,37.68805066,127.17197666,37.69703378
C-37,127.17197666,37.68805066,127.18330935,37.69703378
C-38,127.18330935,37.68805066,127.19464203,37.69703378
D-1,126.76400000,37.67906755,126.77533269,37.68805066
D-2,126.77533269,37.67906755,126.78666537,37.68805066
D-3,126.78666537,37.67906755,126.79799806,37.68805066
D-4,126.79799806,37.67906755,126.80933074,37.68805066
D-5,126.80933074,37.67906755,126.82066343,37.68805066
D-6,126.82066343,37.67906755,126.83199611,37.68805066
D-7,126.83199611,37.67906755,126.84332880,37.68805066
D-8,126.84332880,37.67906755,126.85466148,37.68805066
D-9,126.85466148,37.67906755,126.86599417,37.68805066
D-10,126.86599417,37.67906755,126.87732685,37.68805066
D-11,126.87732685,37.67906755,126.88865954,37.68805066
D-12,126.88865954,37.67906755,126.89999222,37.68805066
D-13,126.89999222,37.67906755,126.91132491,37.68805066
D-14,126.91132491,37.67906755,126.92265759,37.68805066
D-15,126.92265759,37.67906755,126.93399028,37.68805066
D-16,126.93399028,37.67906755,126.94532296,37.68805066
D-17,126.94532296,37.67906755,126.95665565,37.68805066
D-18,126.95665565,37.67906755,126.96798833,37.68805066
D-19,126.96798833,37.67906755,126.97932102,37.68805066
D-20,126.97932102,37.67906755,126.99065370,37.68805066
D-21,126.99065370,37.67906755,127.00198639,37.68805066
D-22,127.00198639,37.67906755,127.01331907,37.68805066
D-23,127.01331907,37.67906755,127.02465176,37.68805066
D-24,127.02465176,37.67906755,127.03598444,37.68805066
D-25,127.03598444,37.67906755,127.04731713,37.68805066
D-26,127.04731713,37.67906755,127.05864981,37.68805066
D-27,127.05864981,37.67906755,127.06998250,37.68805066
D-28,127.06998250,37.67906755,127.08131518,37.68805066
D-29,127.08131518,37.67906755,127.09264787,37.68805066
D-30,127.09264787,37.67906755,127.10398055,37.68805066
D-31,127.10398055,37.67906755,127.11531324,37.68805066
D-32,127.11531324,37.67906755,127.12664592,37.68805066
D-33,127.12664592,37.67906755,127.13797861,37.68805066
D-34,127.13797861,37.67906755,127.14931129,37.68805066
D-35,127.14931129,37.67906755,127.16064398,37.68805066
D-36,127.16064398,37.67906755,127.17197666,37.68805066
D-37,127.17197666,37.67906755,127.18330935,37.68805066
D-38,127.18330935,37.67906755,127.19464203,37.68805066
E-1,126.76400000,37.67008444,126.77533269,37.67906755
E-2,126.77533269,37.67008444,126.78666537,37.67906755
E-3,126.78666537,37.67008444,126.79799806,37.67906755
E-4,126.79799806,37.67008444,126.80933074,37.67906755
E-5,126.80933074,37.67008444,126.82066343,37.67906755
E-6,126.82066343,37.67008444,126.83199611,37.67906755
E-7,126.83199611,37.67008444,126.84332880,37.67906755
E-8,126.84332880,37.67008444,126.85466148,37.67906755
E-9,126.85466148,37.67008444,126.86599417,37.67906755
E-10,126.86599417,37.67008444,126.87732685,37.67906755
E-11,126.87732685,37.67008444,126.88865954,37.67906755
E-12,126.88865954,37.67008444,126.89999222,37.67906755
E-13,126.89999222,37.67008444,126.91132491,37.67906755
E-14,126.91132491,37.67008444,126.92265759,37.67906755
E-15,126.92265759,37.67008444,126.93399028,37.67906755
E-16,126.93399028,37.67008444,126.94532296,37.67906755
E-17,126.94532296,37.67008444,126.95665565,37.67906755
E-18,126.95665565,37.67008444,126.96798833,37.67906755
E-19,126.96798833,37.67008444,126.97932102,37.67906755
E-20,126.97932102,37.67008444,126.99065370,37.67906755
E-21,126.99065370,37.67008444,127.00198639,37.67906755
E-22,127.00198639,37.67008444,127.01331907,37.67906755
E-23,127.01331907,37.67008444,127.02465176,37.67906755
E-24,127.02465176,37.67008444,127.03598444,37.67906755
E-25,127.03598444,37.67008444,127.04731713,37.67906755
E-26,127.04731713,37.67008444,127.05864981,37.67906755
E-27,127.05864981,37.67008444,127.06998250,37.67906755
E-28,127.06998250,37.67008444,127.08131518,37.67906755
E-29,127.08131518,37.67008444,127.09264787,37.67906755
E-30,127.09264787,37.67008444,127.10398055,37.67906755
E-31,127.10398055,37.67008444,127.11531324,37.67906755
E-32,127.11531324,37.67008444,127.12664592,37.67906755
E-33,127.12664592,37.67008444,127.13797861,37.67906755
E-34,127.13797861,37.67008444,127.14931129,37.67906755
E-35,127.14931129,37.67008444,127.16064398,37.67906755
E-36,127.16064398,37.67008444,127.17197666,37.67906755
E-37,127.17197666,37.67008444,127.18330935,37.67906755
E-38,127.18330935,37.67008444,127.19464203,37.67906755
F-1,126.76400000,37.66110133,126.77533269,37.67008444
F-2,126.77533269,37.66110133,126.78666537,37.67008444
F-3,126.78666537,37.66110133,126.79799806,37.67008444
F-4,126.79799806,37.66110133,126.80933074,37.67008444
F-5,126.80933074,37.66110133,126.82066343,37.67008444
F-6,126.82066343,37.66110133,126.83199611,37.67008444
F-7,126.83199611,37.66110133,126.84332880,37.67008444
F-8,126.84332880,37.66110133,126.85466148,37.67008444
F-9,126.85466148,37.66110133,126.86599417,37.67008444
F-10,126.86599417,37.66110133,126.87732685,37.67008444
F-11,126.87732685,37.66110133,126.88865954,37.67008444
F-12,126.88865954,37.66110133,126.89999222,37.67008444
F-13,126.89999222,37.66110133,126.91132491,37.67008444
F-14,126.91132491,37.66110133,126.92265759,37.67008444
F-15,126.92265759,37.66110133,126.93399028,37.67008444
F-16,126.93399028,37.66110133,126.94532296,37.67008444
F-17,126.94532296,37.66110133,126.95665565,37.67008444
F-18,126.95665565,37.66110133,126.96798833,37.67008444
F-19,126.96798833,37.66110133,126.97932102,37.67008444
F-20,126.97932102,37.66110133,126.99065370,37.67008444
F-21,126.99065370,37.66110133,127.00198639,37.67008444
F-22,127.00198639,37.66110133,127.01331907,37.67008444
F-23,127.01331907,37.66110133,127.02465176,37.67008444
F-24,127.02465176,37.66110133,127.03598444,37.67008444
F-25,127.03598444,37.66110133,127.04731713,37.67008444
F-26,127.04731713,37.66110133,127.05864981,37.67008444
F-27,127.05864981,37.66110133,127.06998250,37.67008444
F-28,127.06998250,37.66110133,127.08131518,37.67008444
F-29,127.08131518,37.66110133,127.09264787,37.67008444
F-30,127.09264787,37.66110133,127.10398055,37.67008444
F-31,127.10398055,37.66110133,127.11531324,37.67008444
F-32,127.11531324,37.66110133,127.12664592,37.67008444
F-33,127.12664592,37.66110133,127.13797861,37.67008444
F-34,127.13797861,37.66110133,127.14931129,37.67008444
F-35,127.14931129,37.66110133,127.16064398,37.67008444
F-36,127.16064398,37.66110133,127.17197666,37.67008444
F-37,127.17197666,37.66110133,127.18330935,37.67008444
F-38,127.18330935,37.66110133,127.19464203,37.67008444
G-1,126.76400000,37.65211822,126.77533269,37.66110133
G-2,126.77533269,37.65211822,126.78666537,37.66110133
G-3,126.78666537,37.65211822,126.79799806,37.66110133
G-4,126.79799806,37.65211822,126.80933074,37.66110133
G-5,126.80933074,37.65211822,126.82066343,37.66110133
G-6,126.82066343,37.65211822,126.83199611,37.66110133
G-7,126.83199611,37.65211822,126.84332880,37.66110133
G-8,126.84332880,37.65211822,126.85466148,37.66110133
G-9,126.85466148,37.65211822,126.86599417,37.66110133
G-10,126.86599417,37.65211822,126.87732685,37.66110133
G-11,126.87732685,37.65211822,126.88865954,37.66110133
G-12,126.88865954,37.65211822,126.89999222,37.66110133
G-13,126.89999222,37.65211822,126.91132491,37.66110133
G-14,126.91132491,37.65211822,126.92265759,37.66110133
G-15,126.92265759,37.65211822,126.93399028,37.66110133
G-16,126.93399028,37.65211822,126.94532296,37.66110133
G-17,126.94532296,37.65211822,126.95665565,37.66110133
G-18,126.95665565,37.65211822,126.96798833,37.66110133
G-19,126.96798833,37.65211822,126.97932102,37.66110133
G-20,126.97932102,37.65211822,126.99065370,37.66110133
G-21,126.99065370,37.65211822,127.00198639,37.66110133
G-22,127.00198639,37.65211822,127.01331907,37.66110133
G-23,127.01331907,37.65211822,127.02465176,37.66110133
G-24,127.02465176,37.65211822,127.03598444,37.66110133
G-25,127.03598444,37.65211822,127.04731713,37.66110133
G-26,127.04731713,37.65211822,127.05864981,37.66110133
G-27,127.05864981,37.65211822,127.06998250,37.66110133
G-28,127.06998250,37.65211822,127.08131518,37.66110133
G-29,127.08131518,37.65211822,127.09264787,37.66110133
G-30,127.09264787,37.65211822,127.10398055,37.66110133
G-31,127.10398055,37.65211822,127.11531324,37.66110133
G-32,127.11531324,37.65211822,127.12664592,37.66110133
G-33,127.12664592,37.65211822,127.13797861,37.66110133
G-34,127.13797861,37.65211822,127.14931129,37.66110133
G-35,127.14931129,37.65211822,127.16064398,37.66110133
G-36,127.16064398,37.65211822,127.17197666,37.66110133
G-37,127.17197666,37.65211822,127.18330935,37.66110133
G-38,127.18330935,37.65211822,127.19464203,37.66110133
H-1,126.76400000,37.64313511,126.77533269,37.65211822
H-2,126.77533269,37.64313511,126.78666537,37.65211822
H-3,126.78666537,37.64313511,126.79799806,37.65211822
H-4,126.79799806,37.64313511,126.80933074,37.65211822
H-5,126.80933074,37.64313511,126.82066343,37.65211822
H-6,126.82066343,37.64313511,126.83199611,37.65211822
H-7,126.83199611,37.64313511,126.84332880,37.65211822
H-8,126.84332880,37.64313511,126.85466148,37.65211822
H-9,126.85466148,37.64313511,126.86599417,37.65211822
H-10,126.86599417,37.64313511,126.87732685,37.65211822
H-11,126.87732685,37.64313511,126.88865954,37.65211822
H-12,126.88865954,37.64313511,126.89999222,37.65211822
H-13,126.89999222,37.64313511,126.91132491,37.65211822
H-14,126.91132491,37.64313511,126.92265759,37.65211822
H-15,126.92265759,37.64313511,126.93399028,37.65211822
H-16,126.93399028,37.64313511,126.94532296,37.65211822
H-17,126.94532296,37.64313511,126.95665565,37.65211822
H-18,126.95665565,37.64313511,126.96798833,37.65211822
H-19,126.96798833,37.64313511,126.97932102,37.65211822
H-20,126.97932102,37.64313511,126.99065370,37.65211822
H-21,126.99065370,37.64313511,127.00198639,37.65211822
H-22,127.00198639,37.64313511,127.01331907,37.65211822
H-23,127.01331907,37.64313511,127.02465176,37.65211822
H-24,127.02465176,37.64313511,127.03598444,37.65211822
H-25,127.03598444,37.64313511,127.04731713,37.65211822
H-26,127.04731713,37.64313511,127.05864981,37.65211822
H-27,127.05864981,37.64313511,127.06998250,37.65211822
H-28,127.06998250,37.64313511,127.08131518,37.65211822
H-29,127.08131518,37.64313511,127.09264787,37.65211822
H-30,127.09264787,37.64313511,127.10398055,37.65211822
H-31,127.10398055,37.64313511,127.11531324,37.65211822
H-32,127.11531324,37.64313511,127.12664592,37.65211822
H-33,127.12664592,37.64313511,127.13797861,37.65211822
H-34,127.13797861,37.64313511,127.14931129,37.65211822
H-35,127.14931129,37.64313511,127.16064398,37.65211822
H-36,127.16064398,37.64313511,127.17197666,37.65211822
H-37,127.17197666,37.64313511,127.18330935,37.65211822
H-38,127.18330935,37.64313511,127.19464203,37.65211822
I-1,126.76400000,37.63415199,126.77533269,37.64313511
I-2,126.77533269,37.63415199,126.78666537,37.64313511
I-3,126.78666537,37.63415199,126.79799806,37.64313511
I-4,126.79799806,37.63415199,126.80933074,37.64313511
I-5,126.80933074,37.63415199,126.82066343,37.64313511
I-6,126.82066343,37.63415199,126.83199611,37.64313511
I-7,126.83199611,37.63415199,126.84332880,37.64313511
I-8,126.84332880,37.63415199,126.85466148,37.64313511
I-9,126.85466148,37.63415199,126.86599417,37.64313511
I-10,126.86599417,37.63415199,126.87732685,37.64313511
I-11,126.87732685,37.63415199,126.88865954,37.64313511
I-12,126.88865954,37.63415199,126.89999222,37.64313511
I-13,126.89999222,37.63415199,126.91132491,37.64313511
I-14,126.91132491,37.63415199,126.92265759,37.64313511
I-15,126.92265759,37.63415199,126.93399028,37.64313511
I-16,126.93399028,37.63415199,126.94532296,37.64313511
I-17,126.94532296,37.63415199,126.95665565,37.64313511
I-18,126.95665565,37.63415199,126.96798833,37.64313511
I-19,126.96798833,37.63415199,126.97932102,37.64313511
I-20,126.97932102,37.63415199,126.99065370,37.64313511
I-21,126.99065370,37.63415199,127.00198639,37.64313511
I-22,127.00198639,37.63415199,127.01331907,37.64313511
I-23,127.01331907,37.63415199,127.02465176,37.64313511
I-24,127.02465176,37.63415199,127.03598444,37.64313511
I-25,127.03598444,37.63415199,127.04731713,37.64313511
I-26,127.04731713,37.63415199,127.05864981,37.64313511
I-27,127.05864981,37.63415199,127.06998250,37.64313511
I-28,127.06998250,37.63415199,127.08131518,37.64313511
I-29,127.08131518,37.63415199,127.09264787,37.64313511
I-30,127.09264787,37.63415199,127.10398055,37.64313511
I-31,127.10398055,37.63415199,127.11531324,37.64313511
I-32,127.11531324,37.63415199,127.12664592,37.64313511
I-33,127.12664592,37.63415199,127.13797861,37.64313511
I-34,127.13797861,37.63415199,127.14931129,37.64313511
I-35,127.14931129,37.63415199,127.16064398,37.64313511
I-36,127.16064398,37.63415199,127.17197666,37.64313511
I-37,127.17197666,37.63415199,127.18330935,37.64313511
I-38,127.18330935,37.63415199,127.19464203,37.64313511
J-1,126.76400000,37.62516888,126.77533269,37.63415199
J-2,126.77533269,37.62516888,126.78666537,37.63415199
J-3,126.78666537,37.62516888,126.79799806,37.63415199
J-4,126.79799806,37.62516888,126.80933074,37.63415199
J-5,126.80933074,37.62516888,126.82066343,37.63415199
J-6,126.82066343,37.62516888,126.83199611,37.63415199
J-7,126.83199611,37.62516888,126.84332880,37.63415199
J-8,126.84332880,37.62516888,126.85466148,37.63415199
J-9,126.85466148,37.62516888,126.86599417,37.63415199
J-10,126.86599417,37.62516888,126.87732685,37.63415199
J-11,126.87732685,37.62516888,126.88865954,37.63415199
J-12,126.88865954,37.62516888,126.89999222,37.63415199
J-13,126.89999222,37.62516888,126.91132491,37.63415199
J-14,126.91132491,37.62516888,126.92265759,37.63415199
J-15,126.92265759,37.62516888,126.93399028,37.63415199
J-16,126.93399028,37.62516888,126.94532296,37.63415199
J-17,126.94532296,37.62516888,126.95665565,37.63415199
J-18,126.95665565,37.62516888,126.96798833,37.63415199
J-19,126.96798833,37.62516888,126.97932102,37.63415199
J-20,126.97932102,37.62516888,126.99065370,37.63415199
J-21,126.99065370,37.62516888,127.00198639,37.63415199
J-22,127.00198639,37.62516888,127.01331907,37.63415199
J-23,127.01331907,37.62516888,127.02465176,37.63415199
J-24,127.02465176,37.62516888,127.03598444,37.63415199
J-25,127.03598444,37.62516888,127.04731713,37.63415199
J-26,127.04731713,37.62516888,127.05864981,37.63415199
J-27,127.05864981,37.62516888,127.06998250,37.63415199
J-28,127.06998250,37.62516888,127.08131518,37.63415199
J-29,127.08131518,37.62516888,127.09264787,37.63415199
J-30,127.09264787,37.62516888,127.10398055,37.63415199
J-31,127.10398055,37.62516888,127.11531324,37.63415199
J-32,127.11531324,37.62516888,127.12664592,37.63415199
J-33,127.12664592,37.62516888,127.13797861,37.63415199
J-34,127.13797861,37.62516888,127.14931129,37.63415199
J-35,127.14931129,37.62516888,127.16064398,37.63415199
J-36,127.16064398,37.62516888,127.17197666,37.63415199
J-37,127.17197666,37.62516888,127.18330935,37.63415199
J-38,127.18330935,37.62516888,127.19464203,37.63415199
K-1,126.76400000,37.61618577,126.77533269,37.62516888
K-2,126.77533269,37.61618577,126.78666537,37.62516888
K-3,126.78666537,37.61618577,126.79799806,37.62516888
K-4,126.79799806,37.61618577,126.80933074,37.62516888
K-5,126.80933074,37.61618577,126.82066343,37.62516888
K-6,126.82066343,37.61618577,126.83199611,37.62516888
K-7,126.83199611,37.61618577,126.84332880,37.62516888
K-8,126.84332880,37.61618577,126.85466148,37.62516888
K-9,126.85466148,37.61618577,126.86599417,37.62516888
K-10,126.86599417,37.61618577,126.87732685,37.62516888
K-11,126.87732685,37.61618577,126.88865954,37.62516888
K-12,126.88865954,37.61618577,126.89999222,37.62516888
K-13,126.89999222,37.61618577,126.91132491,37.62516888
K-14,126.91132491,37.61618577,126.92265759,37.62516888
K-15,126.92265759,37.61618577,126.93399028,37.62516888
K-16,126.93399028,37.61618577,126.94532296,37.62516888
K-17,126.94532296,37.61618577,126.95665565,37.62516888
K-18,126.95665565,37.61618577,126.96798833,37.62516888
K-19,126.96798833,37.61618577,126.97932102,37.62516888
K-20,126.97932102,37.61618577,126.99065370,37.62516888
K-21,126.99065370,37.61618577,127.00198639,37.62516888
K-22,127.00198639,37.61618577,127.01331907,37.62516888
K-23,127.01331907,37.61618577,127.02465176,37.62516888
K-24,127.02465176,37.61618577,127.03598444,37.62516888
K-25,127.03598444,37.61618577,127.04731713,37.62516888
K-26,127.04731713,37.61618577,127.05864981,37.62516888
K-27,127.05864981,37.61618577,127.06998250,37.62516888
K-28,127.06998250,37.61618577,127.08131518,37.62516888
K-29,127.08131518,37.61618577,127.09264787,37.62516888
K-30,127.09264787,37.61618577,127.10398055,37.62516888
K-31,127.10398055,37.61618577,127.11531324,37.62516888
K-32,127.11531324,37.61618577,127.12664592,37.62516888
K-33,127.12664592,37.61618577,127.13797861,37.62516888
K-34,127.13797861,37.61618577,127.14931129,37.62516888
K-35,127.14931129,37.61618577,127.16064398,37.62516888
K-36,127.16064398,37.61618577,127.17197666,37.62516888
K-37,127.17197666,37.61618577,127.18330935,37.62516888
K-38,127.18330935,37.61618577,127.19464203,37.62516888
L-1,126.76400000,37.60720266,126.77533269,37.61618577
L-2,126.77533269,37.60720266,126.78666537,37.61618577
L-3,126.78666537,37.60720266,126.79799806,37.61618577
L-4,126.79799806,37.60720266,126.80933074,37.61618577
L-5,126.80933074,37.60720266,126.82066343,37.61618577
L-6,126.82066343,37.60720266,126.83199611,37.61618577
L-7,126.83199611,37.60720266,126.84332880,37.61618577
L-8,126.84332880,37.60720266,126.85466148,37.61618577
L-9,126.85466148,37.60720266,126.86599417,37.61618577
L-10,126.86599417,37.60720266,126.87732685,37.61618577
L-11,126.87732685,37.60720266,126.88865954,37.61618577
L-12,126.88865954,37.60720266,126.89999222,37.61618577
L-13,126.89999222,37.60720266,126.91132491,37.61618577
L-14,126.91132491,37.60720266,126.92265759,37.61618577
L-15,126.92265759,37.60720266,126.93399028,37.61618577
L-16,126.93399028,37.60720266,126.94532296,37.61618577
L-17,126.94532296,37.60720266,126.95665565,37.61618577
L-18,126.95665565,37.60720266,126.96798833,37.61618577
L-19,126.96798833,37.60720266,126.97932102,37.61618577
L-20,126.97932102,37.60720266,126.99065370,37.61618577
L-21,126.99065370,37.60720266,127.00198639,37.61618577
L-22,127.00198639,37.60720266,127.01331907,37.61618577
L-23,127.01331907,37.60720266,127.02465176,37.61618577
L-24,127.02465176,37.60720266,127.03598444,37.61618577
L-25,127.03598444,37.60720266,127.04731713,37.61618577
L-26,127.04731713,37.60720266,127.05864981,37.61618577
L-27,127.05864981,37.60720266,127.06998250,37.61618577
L-28,127.06998250,37.60720266,127.08131518,37.61618577
L-29,127.08131518,37.60720266,127.09264787,37.61618577
L-30,127.09264787,37.60720266,127.10398055,37.61618577
L-31,127.10398055,37.60720266,127.11531324,37.61618577
L-32,127.11531324,37.60720266,127.12664592,37.61618577
L-33,127.12664592,37.60720266,127.13797861,37.61618577
L-34,127.13797861,37.60720266,127.14931129,37.61618577
L-35,127.14931129,37.60720266,127.16064398,37.61618577
L-36,127.16064398,37.60720266,127.17197666,37.61618577
L-37,127.17197666,37.60720266,127.18330935,37.61618577
L-38,127.18330935,37.60720266,127.19464203,37.61618577
M-1,126.76400000,37.59821955,126.77533269,37.60720266
M-2,126.77533269,37.59821955,126.78666537,37.60720266
M-3,126.78666537,37.59821955,126.79799806,37.60720266
M-4,126.79799806,37.59821955,126.80933074,37.60720266
M-5,126.80933074,37.59821955,126.82066343,37.60720266
M-6,126.82066343,37.59821955,126.83199611,37.60720266
M-7,126.83199611,37.59821955,126.84332880,37.60720266
M-8,126.84332880,37.59821955,126.85466148,37.60720266
M-9,126.85466148,37.59821955,126.86599417,37.60720266
M-10,126.86599417,37.59821955,126.87732685,37.60720266
M-11,126.87732685,37.59821955,126.88865954,37.60720266
M-12,126.88865954,37.59821955,126.89999222,37.60720266
M-13,126.89999222,37.59821955,126.91132491,37.60720266
M-14,126.91132491,37.59821955,126.92265759,37.60720266
M-15,126.92265759,37.59821955,126.93399028,37.60720266
M-16,126.93399028,37.59821955,126.94532296,37.60720266
M-17,126.94532296,37.59821955,126.95665565,37.60720266
M-18,126.95665565,37.59821955,126.96798833,37.60720266
M-19,126.96798833,37.59821955,126.97932102,37.60720266
M-20,126.97932102,37.59821955,126.99065370,37.60720266
M-21,126.99065370,37.59821955,127.00198639,37.60720266
M-22,127.00198639,37.59821955,127.01331907,37.60720266
M-23,127.01331907,37.59821955,127.02465176,37.60720266
M-24,127.02465176,37.59821955,127.03598444,37.60720266
M-25,127.03598444,37.59821955,127.04731713,37.60720266
M-26,127.04731713,37.59821955,127.05864981,37.60720266
M-27,127.05864981,37.59821955,127.06998250,37.60720266
M-28,127.06998250,37.59821955,127.08131518,37.60720266
M-29,127.08131518,37.59821955,127.09264787,37.60720266
M-30,127.09264787,37.59821955,127.10398055,37.60720266
M-31,127.10398055,37.59821955,127.11531324,37.60720266
M-32,127.11531324,37.59821955,127.12664592,37.60720266
M-33,127.12664592,37.59821955,127.13797861,37.60720266
M-34,127.13797861,37.59821955,127.14931129,37.60720266
M-35,127.14931129,37.59821955,127.16064398,37.60720266
M-36,127.16064398,37.59821955,127.17197666,37.60720266
M-37,127.17197666,37.59821955,127.18330935,37.60720266
M-38,127.18330935,37.59821955,127.19464203,37.60720266
N-1,126.76400000,37.58923644,126.77533269,37.59821955
N-2,126.77533269,37.58923644,126.78666537,37.59821955
N-3,126.78666537,37.58923644,126.79799806,37.59821955
N-4,126.79799806,37.58923644,126.80933074,37.59821955
N-5,126.80933074,37.58923644,126.82066343,37.59821955
N-6,126.82066343,37.58923644,126.83199611,37.59821955
N-7,126.83199611,37.58923644,126.84332880,37.59821955
N-8,126.84332880,37.58923644,126.85466148,37.59821955
N-9,126.85466148,37.58923644,126.86599417,37.59821955
N-10,126.86599417,37.58923644,126.87732685,37.59821955
N-11,126.87732685,37.58923644,126.88865954,37.59821955
N-12,126.88865954,37.58923644,126.89999222,37.59821955
N-13,126.89999222,37.58923644,126.91132491,37.59821955
N-14,126.91132491,37.58923644,126.92265759,37.59821955
N-15,126.92265759,37.58923644,126.93399028,37.59821955
N-16,126.93399028,37.58923644,126.94532296,37.59821955
N-17,126.94532296,37.58923644,126.95665565,37.59821955
N-18,126.95665565,37.58923644,126.96798833,37.59821955
N-19,126.96798833,37.58923644,126.97932102,37.59821955
N-20,126.97932102,37.58923644,126.99065370,37.59821955
N-21,126.99065370,37.58923644,127.00198639,37.59821955
N-22,127.00198639,37.58923644,127.01331907,37.59821955
N-23,127.01331907,37.58923644,127.02465176,37.59821955
N-24,127.02465176,37.58923644,127.03598444,37.59821955
N-25,127.03598444,37.58923644,127.04731713,37.59821955
N-26,127.04731713,37.58923644,127.05864981,37.59821955
N-27,127.05864981,37.58923644,127.06998250,37.59821955
N-28,127.06998250,37.58923644,127.08131518,37.59821955
N-29,127.08131518,37.58923644,127.09264787,37.59821955
N-30,127.09264787,37.58923644,127.10398055,37.59821955
N-31,127.10398055,37.58923644,127.11531324,37.59821955
N-32,127.11531324,37.58923644,127.12664592,37.59821955
N-33,127.12664592,37.58923644,127.13797861,37.59821955
N-34,127.13797861,37.58923644,127.14931129,37.59821955
N-35,127.14931129,37.58923644,127.16064398,37.59821955
N-36,127.16064398,37.58923644,127.17197666,37.59821955
N-37,127.17197666,37.58923644,127.18330935,37.59821955
N-38,127.18330935,37.58923644,127.19464203,37.59821955
O-1,126.76400000,37.58025332,126.77533269,37.58923644
O-2,126.77533269,37.58025332,126.78666537,37.58923644
O-3,126.78666537,37.58025332,126.79799806,37.58923644
O-4,126.79799806,37.58025332,126.80933074,37.58923644
O-5,126.80933074,37.58025332,126.82066343,37.58923644
O-6,126.82066343,37.58025332,126.83199611,37.58923644
O-7,126.83199611,37.58025332,126.84332880,37.58923644
O-8,126.84332880,37.58025332,126.85466148,37.58923644
O-9,126.85466148,37.58025332,126.86599417,37.58923644
O-10,126.86599417,37.58025332,126.87732685,37.58923644
O-11,126.87732685,37.58025332,126.88865954,37.58923644
O-12,126.88865954,37.58025332,126.89999222,37.58923644
O-13,126.89999222,37.58025332,126.91132491,37.58923644
O-14,126.91132491,37.58025332,126.92265759,37.58923644
O-15,126.92265759,37.58025332,126.93399028,37.58923644
O-16,126.93399028,37.58025332,126.94532296,37.58923644
O-17,126.94532296,37.58025332,126.95665565,37.58923644
O-18,126.95665565,37.58025332,126.96798833,37.58923644
O-19,126.96798833,37.58025332,126.97932102,37.58923644
O-20,126.97932102,37.58025332,126.99065370,37.58923644
O-21,126.99065370,37.58025332,127.00198639,37.58923644
O-22,127.00198639,37.58025332,127.01331907,37.58923644
O-23,127.01331907,37.58025332,127.02465176,37.58923644
O-24,127.02465176,37.58025332,127.03598444,37.58923644
O-25,127.03598444,37.58025332,127.04731713,37.58923644
O-26,127.04731713,37.58025332,127.05864981,37.58923644
O-27,127.05864981,37.58025332,127.06998250,37.58923644
O-28,127.06998250,37.58025332,127.08131518,37.58923644
O-29,127.08131518,37.58025332,127.09264787,37.58923644
O-30,127.09264787,37.58025332,127.10398055,37.58923644
O-31,127.10398055,37.58025332,127.11531324,37.58923644
O-32,127.11531324,37.58025332,127.12664592,37.58923644
O-33,127.12664592,37.58025332,127.13797861,37.58923644
O-34,127.13797861,37.58025332,127.14931129,37.58923644
O-35,127.14931129,37.58025332,127.16064398,37.58923644
O-36,127.16064398,37.58025332,127.17197666,37.58923644
O-37,127.17197666,37.58025332,127.18330935,37.58923644
O-38,127.18330935,37.58025332,127.19464203,37.58923644
P-1,126.76400000,37.57127021,126.77533269,37.58025332
P-2,126.77533269,37.57127021,126.78666537,37.58025332
P-3,126.78666537,37.57127021,126.79799806,37.58025332
P-4,126.79799806,37.57127021,126.80933074,37.58025332
P-5,126.80933074,37.57127021,126.82066343,37.58025332
P-6,126.82066343,37.57127021,126.83199611,37.58025332
P-7,126.83199611,37.57127021,126.84332880,37.58025332
P-8,126.84332880,37.57127021,126.85466148,37.58025332
P-9,126.85466148,37.57127021,126.86599417,37.58025332
P-10,126.86599417,37.57127021,126.87732685,37.58025332
P-11,126.87732685,37.57127021,126.88865954,37.58025332
P-12,126.88865954,37.57127021,126.89999222,37.58025332
P-13,126.89999222,37.57127021,126.91132491,37.58025332
P-14,126.91132491,37.57127021,126.92265759,37.58025332
P-15,126.92265759,37.57127021,126.93399028,37.58025332
P-16,126.93399028,37.57127021,126.94532296,37.58025332
P-17,126.94532296,37.57127021,126.95665565,37.58025332
P-18,126.95665565,37.57127021,126.96798833,37.58025332
P-19,126.96798833,37.57127021,126.97932102,37.58025332
P-20,126.97932102,37.57127021,126.99065370,37.58025332
P-21,126.99065370,37.57127021,127.00198639,37.58025332
P-22,127.00198639,37.57127021,127.01331907,37.58025332
P-23,127.01331907,37.57127021,127.02465176,37.58025332
P-24,127.02465176,37.57127021,127.03598444,37.58025332
P-25,127.03598444,37.57127021,127.04731713,37.58025332
P-26,127.04731713,37.57127021,127.05864981,37.58025332
P-27,127.05864981,37.57127021,127.06998250,37.58025332
P-28,127.06998250,37.57127021,127.08131518,37.58025332
P-29,127.08131518,37.57127021,127.09264787,37.58025332
P-30,127.09264787,37.57127021,127.10398055,37.58025332
P-31,127.10398055,37.57127021,127.11531324,37.58025332
P-32,127.11531324,37.57127021,127.12664592,37.58025332
P-33,127.12664592,37.57127021,127.13797861,37.58025332
P-34,127.13797861,37.57127021,127.14931129,37.58025332
P-35,127.14931129,37.57127021,127.16064398,37.58025332
P-36,127.16064398,37.57127021,127.17197666,37.58025332
P-37,127.17197666,37.57127021,127.18330935,37.58025332
P-38,127.18330935,37.57127021,127.19464203,37.58025332
Q-1,126.76400000,37.56228710,126.77533269,37.57127021
Q-2,126.77533269,37.56228710,126.78666537,37.57127021
Q-3,126.78666537,37.56228710,126.79799806,37.57127021
Q-4,126.79799806,37.56228710,126.80933074,37.57127021
Q-5,126.80933074,37.56228710,126.82066343,37.57127021
Q-6,126.82066343,37.56228710,126.83199611,37.57127021
Q-7,126.83199611,37.56228710,126.84332880,37.57127021
Q-8,126.84332880,37.56228710,126.85466148,37.57127021
Q-9,126.85466148,37.56228710,126.86599417,37.57127021
Q-10,126.86599417,37.56228710,126.87732685,37.57127021
Q-11,126.87732685,37.56228710,126.88865954,37.57127021
Q-12,126.88865954,37.56228710,126.89999222,37.57127021
Q-13,126.89999222,37.56228710,126.91132491,37.57127021
Q-14,126.91132491,37.56228710,126.92265759,37.57127021
Q-15,126.92265759,37.56228710,126.93399028,37.57127021
Q-16,126.93399028,37.56228710,126.94532296,37.57127021
Q-17,126.94532296,37.56228710,126.95665565,37.57127021
Q-18,126.95665565,37.56228710,126.96798833,37.57127021
Q-19,126.96798833,37.56228710,126.97932102,37.57127021
Q-20,126.97932102,37.56228710,126.99065370,37.57127021
Q-21,126.99065370,37.56228710,127.00198639,37.57127021
Q-22,127.00198639,37.56228710,127.01331907,37.57127021
Q-23,127.01331907,37.56228710,127.02465176,37.57127021
Q-24,127.02465176,37.56228710,127.03598444,37.57127021
Q-25,127.03598444,37.56228710,127.04731713,37.57127021
Q-26,127.04731713,37.56228710,127.05864981,37.57127021
Q-27,127.05864981,37.56228710,127.06998250,37.57127021
Q-28,127.06998250,37.56228710,127.08131518,37.57127021
Q-29,127.08131518,37.56228710,127.09264787,37.57127021
Q-30,127.09264787,37.56228710,127.10398055,37.57127021
Q-31,127.10398055,37.56228710,127.11531324,37.57127021
Q-32,127.11531324,37.56228710,127.12664592,37.57127021
Q-33,127.12664592,37.56228710,127.13797861,37.57127021
Q-34,127.13797861,37.56228710,127.14931129,37.57127021
Q-35,127.14931129,37.56228710,127.16064398,37.57127021
Q-36,127.16064398,37.56228710,127.17197666,37.57127021
Q-37,127.17197666,37.56228710,127.18330935,37.57127021
Q-38,127.18330935,37.56228710,127.19464203,37.57127021
R-1,126.76400000,37.55330399,126.77533269,37.56228710
R-2,126.77533269,37.55330399,126.78666537,37.56228710
R-3,126.78666537,37.55330399,126.79799806,37.56228710
R-4,126.79799806,37.55330399,126.80933074,37.56228710
R-5,126.80933074,37.55330399,126.82066343,37.56228710
R-6,126.82066343,37.55330399,126.83199611,37.56228710
R-7,126.83199611,37.55330399,126.84332880,37.56228710
R-8,126.84332880,37.55330399,126.85466148,37.56228710
R-9,126.85466148,37.55330399,126.86599417,37.56228710
R-10,126.86599417,37.55330399,126.87732685,37.56228710
R-11,126.87732685,37.55330399,126.88865954,37.56228710
R-12,126.88865954,37.55330399,126.89999222,37.56228710
R-13,126.89999222,37.55330399,126.91132491,37.56228710
R-14,126.91132491,37.55330399,126.92265759,37.56228710
R-15,126.92265759,37.55330399,126.93399028,37.56228710
R-16,126.93399028,37.55330399,126.94532296,37.56228710
R-17,126.94532296,37.55330399,126.95665565,37.56228710
R-18,126.95665565,37.55330399,126.96798833,37.56228710
R-19,126.96798833,37.55330399,126.97932102,37.56228710
R-20,126.97932102,37.55330399,126.99065370,37.56228710
R-21,126.99065370,37.55330399,127.00198639,37.56228710
R-22,127.00198639,37.55330399,127.01331907,37.56228710
R-23,127.01331907,37.55330399,127.02465176,37.56228710
R-24,127.02465176,37.55330399,127.03598444,37.56228710
R-25,127.03598444,37.55330399,127.04731713,37.56228710
R-26,127.04731713,37.55330399,127.05864981,37.56228710
R-27,127.05864981,37.55330399,127.06998250,37.56228710
R-28,127.06998250,37.55330399,127.08131518,37.56228710
R-29,127.08131518,37.55330399,127.09264787,37.56228710
R-30,127.09264787,37.55330399,127.10398055,37.56228710
R-31,127.10398055,37.55330399,127.11531324,37.56228710
R-32,127.11531324,37.55330399,127.12664592,37.56228710
R-33,127.12664592,37.55330399,127.13797861,37.56228710
R-34,127.13797861,37.55330399,127.14931129,37.56228710
R-35,127.14931129,37.55330399,127.16064398,37.56228710
R-36,127.16064398,37.55330399,127.17197666,37.56228710
R-37,127.17197666,37.55330399,127.18330935,37.56228710
R-38,127.18330935,37.55330399,127.19464203,37.56228710
S-1,126.76400000,37.54432088,126.77533269,37.55330399
S-2,126.77533269,37.54432088,126.78666537,37.55330399
S-3,126.78666537,37.54432088,126.79799806,37.55330399
S-4,126.79799806,37.54432088,126.80933074,37.55330399
S-5,126.80933074,37.54432088,126.82066343,37.55330399
S-6,126.82066343,37.54432088,126.83199611,37.55330399
S-7,126.83199611,37.54432088,126.84332880,37.55330399
S-8,126.84332880,37.54432088,126.85466148,37.55330399
S-9,126.85466148,37.54432088,126.86599417,37.55330399
S-10,126.86599417,37.54432088,126.87732685,37.55330399
S-11,126.87732685,37.54432088,126.88865954,37.55330399
S-12,126.88865954,37.54432088,126.89999222,37.55330399
S-13,126.89999222,37.54432088,126.91132491,37.55330399
S-14,126.91132491,37.54432088,126.92265759,37.55330399
S-15,126.92265759,37.54432088,126.93399028,37.55330399
S-16,126.93399028,37.54432088,126.94532296,37.55330399
S-17,126.94532296,37.54432088,126.95665565,37.55330399
S-18,126.95665565,37.54432088,126.96798833,37.55330399
S-19,126.96798833,37.54432088,126.97932102,37.55330399
S-20,126.97932102,37.54432088,126.99065370,37.55330399
S-21,126.99065370,37.54432088,127.00198639,37.55330399
S-22,127.00198639,37.54432088,127.01331907,37.55330399
S-23,127.01331907,37.54432088,127.02465176,37.55330399
S-24,127.02465176,37.54432088,127.03598444,37.55330399
S-25,127.03598444,37.54432088,127.04731713,37.55330399
S-26,127.04731713,37.54432088,127.05864981,37.55330399
S-27,127.05864981,37.54432088,127.06998250,37.55330399
S-28,127.06998250,37.54432088,127.08131518,37.55330399
S-29,127.08131518,37.54432088,127.09264787,37.55330399
S-30,127.09264787,37.54432088,127.10398055,37.55330399
S-31,127.10398055,37.54432088,127.11531324,37.55330399
S-32,127.11531324,37.54432088,127.12664592,37.55330399
S-33,127.12664592,37.54432088,127.13797861,37.55330399
S-34,127.13797861,37.54432088,127.14931129,37.55330399
S-35,127.14931129,37.54432088,127.16064398,37.55330399
S-36,127.16064398,37.54432088,127.17197666,37.55330399
S-37,127.17197666,37.54432088,127.18330935,37.55330399
S-38,127.18330935,37.54432088,127.19464203,37.55330399
T-1,126.76400000,37.53533777,126.77533269,37.54432088
T-2,126.77533269,37.53533777,126.78666537,37.54432088
T-3,126.78666537,37.53533777,126.79799806,37.54432088
T-4,126.79799806,37.53533777,126.80933074,37.54432088
T-5,126.80933074,37.53533777,126.82066343,37.54432088
T-6,126.82066343,37.53533777,126.83199611,37.54432088
T-7,126.83199611,37.53533777,126.84332880,37.54432088
T-8,126.84332880,37.53533777,126.85466148,37.54432088
T-9,126.85466148,37.53533777,126.86599417,37.54432088
T-10,126.86599417,37.53533777,126.87732685,37.54432088
T-11,126.87732685,37.53533777,126.88865954,37.54432088
T-12,126.88865954,37.53533777,126.89999222,37.54432088
T-13,126.89999222,37.53533777,126.91132491,37.54432088
T-14,126.91132491,37.53533777,126.92265759,37.54432088
T-15,126.92265759,37.53533777,126.93399028,37.54432088
T-16,126.93399028,37.53533777,126.94532296,37.54432088
T-17,126.94532296,37.53533777,126.95665565,37.54432088
T-18,126.95665565,37.53533777,126.96798833,37.54432088
T-19,126.96798833,37.53533777,126.97932102,37.54432088
T-20,126.97932102,37.53533777,126.99065370,37.54432088
T-21,126.99065370,37.53533777,127.00198639,37.54432088
T-22,127.00198639,37.53533777,127.01331907,37.54432088
T-23,127.01331907,37.53533777,127.02465176,37.54432088
T-24,127.02465176,37.53533777,127.03598444,37.54432088
T-25,127.03598444,37.53533777,127.04731713,37.54432088
T-26,127.04731713,37.53533777,127.05864981,37.54432088
T-27,127.05864981,37.53533777,127.06998250,37.54432088
T-28,127.06998250,37.53533777,127.08131518,37.54432088
T-29,127.08131518,37.53533777,127.09264787,37.54432088
T-30,127.09264787,37.53533777,127.10398055,37.54432088
T-31,127.10398055,37.53533777,127.11531324,37.54432088
T-32,127.11531324,37.53533777,127.12664592,37.54432088
T-33,127.12664592,37.53533777,127.13797861,37.54432088
T-34,127.13797861,37.53533777,127.14931129,37.54432088
T-35,127.14931129,37.53533777,127.16064398,37.54432088
T-36,127.16064398,37.53533777,127.17197666,37.54432088
T-37,127.17197666,37.53533777,127.18330935,37.54432088
T-38,127.18330935,37.53533777,127.19464203,37.54432088
U-1,126.76400000,37.52635465,126.77533269,37.53533777
U-2,126.77533269,37.52635465,126.78666537,37.53533777
U-3,126.78666537,37.52635465,126.79799806,37.53533777
U-4,126.79799806,37.52635465,126.80933074,37.53533777
U-5,126.80933074,37.52635465,126.82066343,37.53533777
U-6,126.82066343,37.52635465,126.83199611,37.53533777
U-7,126.83199611,37.52635465,126.84332880,37.53533777
U-8,126.84332880,37.52635465,126.85466148,37.53533777
U-9,126.85466148,37.52635465,126.86599417,37.53533777
U-10,126.86599417,37.52635465,126.87732685,37.53533777
U-11,126.87732685,37.52635465,126.88865954,37.53533777
U-12,126.88865954,37.52635465,126.89999222,37.53533777
U-13,126.89999222,37.52635465,126.91132491,37.53533777
U-14,126.91132491,37.52635465,126.92265759,37.53533777
U-15,126.92265759,37.52635465,126.93399028,37.53533777
U-16,126.93399028,37.52635465,126.94532296,37.53533777
U-17,126.94532296,37.52635465,126.95665565,37.53533777
U-18,126.95665565,37.52635465,126.96798833,37.53533777
U-19,126.96798833,37.52635465,126.97932102,37.53533777
U-20,126.97932102,37.52635465,126.99065370,37.53533777
U-21,126.99065370,37.52635465,127.00198639,37.53533777
U-22,127.00198639,37.52635465,127.01331907,37.53533777
U-23,127.01331907,37.52635465,127.02465176,37.53533777
U-24,127.02465176,37.52635465,127.03598444,37.53533777
U-25,127.03598444,37.52635465,127.04731713,37.53533777
U-26,127.04731713,37.52635465,127.05864981,37.53533777
U-27,127.05864981,37.52635465,127.06998250,37.53533777
U-28,127.06998250,37.52635465,127.08131518,37.53533777
U-29,127.08131518,37.52635465,127.09264787,37.53533777
U-30,127.09264787,37.52635465,127.10398055,37.53533777
U-31,127.10398055,37.52635465,127.11531324,37.53533777
U-32,127.11531324,37.52635465,127.12664592,37.53533777
U-33,127.12664592,37.52635465,127.13797861,37.53533777
U-34,127.13797861,37.52635465,127.14931129,37.53533777
U-35,127.14931129,37.52635465,127.16064398,37.53533777
U-36,127.16064398,37.52635465,127.17197666,37.53533777
U-37,127.17197666,37.52635465,127.18330935,37.53533777
U-38,127.18330935,37.52635465,127.19464203,37.53533777
V-1,126.76400000,37.51737154,126.77533269,37.52635465
V-2,126.77533269,37.51737154,126.78666537,37.52635465
V-3,126.78666537,37.51737154,126.79799806,37.52635465
V-4,126.79799806,37.51737154,126.80933074,37.52635465
V-5,126.80933074,37.51737154,126.82066343,37.52635465
V-6,126.82066343,37.51737154,126.83199611,37.52635465
V-7,126.83199611,37.51737154,126.84332880,37.52635465
V-8,126.84332880,37.51737154,126.85466148,37.52635465
V-9,126.85466148,37.51737154,126.86599417,37.52635465
V-10,126.86599417,37.51737154,126.87732685,37.52635465
V-11,126.87732685,37.51737154,126.88865954,37.52635465
V-12,126.88865954,37.51737154,126.89999222,37.52635465
V-13,126.89999222,37.51737154,126.91132491,37.52635465
V-14,126.91132491,37.51737154,126.92265759,37.52635465
V-15,126.92265759,37.51737154,126.93399028,37.52635465
V-16,126.93399028,37.51737154,126.94532296,37.52635465
V-17,126.94532296,37.51737154,126.95665565,37.52635465
V-18,126.95665565,37.51737154,126.96798833,37.52635465
V-19,126.96798833,37.51737154,126.97932102,37.52635465
V-20,126.97932102,37.51737154,126.99065370,37.52635465
V-21,126.99065370,37.51737154,127.00198639,37.52635465
V-22,127.00198639,37.51737154,127.01331907,37.52635465
V-23,127.01331907,37.51737154,127.02465176,37.52635465
V-24,127.02465176,37.51737154,127.03598444,37.52635465
V-25,127.03598444,37.51737154,127.04731713,37.52635465
V-26,127.04731713,37.51737154,127.05864981,37.52635465
V-27,127.05864981,37.51737154,127.06998250,37.52635465
V-28,127.06998250,37.51737154,127.08131518,37.52635465
V-29,127.08131518,37.51737154,127.09264787,37.52635465
V-30,127.09264787,37.51737154,127.10398055,37.52635465
V-31,127.10398055,37.51737154,127.11531324,37.52635465
V-32,127.11531324,37.51737154,127.12664592,37.52635465
V-33,127.12664592,37.51737154,127.13797861,37.52635465
V-34,127.13797861,37.51737154,127.14931129,37.52635465
V-35,127.14931129,37.51737154,127.16064398,37.52635465
V-36,127.16064398,37.51737154,127.17197666,37.52635465
V-37,127.17197666,37.51737154,127.18330935,37.52635465
V-38,127.18330935,37.51737154,127.19464203,37.52635465
W-1,126.76400000,37.50838843,126.77533269,37.51737154
W-2,126.77533269,37.50838843,126.78666537,37.51737154
W-3,126.78666537,37.50838843,126.79799806,37.51737154
W-4,126.79799806,37.50838843,126.80933074,37.51737154
W-5,126.80933074,37.50838843,126.82066343,37.51737154
W-6,126.82066343,37.50838843,126.83199611,37.51737154
W-7,126.83199611,37.50838843,126.84332880,37.51737154
W-8,126.84332880,37.50838843,126.85466148,37.51737154
W-9,126.85466148,37.50838843,126.86599417,37.51737154
W-10,126.86599417,37.50838843,126.87732685,37.51737154
W-11,126.87732685,37.50838843,126.88865954,37.51737154
W-12,126.88865954,37.50838843,126.89999222,37.51737154
W-13,126.89999222,37.50838843,126.91132491,37.51737154
W-14,126.91132491,37.50838843,126.92265759,37.51737154
W-15,126.92265759,37.50838843,126.93399028,37.51737154
W-16,126.93399028,37.50838843,126.94532296,37.51737154
W-17,126.94532296,37.50838843,126.95665565,37.51737154
W-18,126.95665565,37.50838843,126.96798833,37.51737154
W-19,126.96798833,37.50838843,126.97932102,37.51737154
W-20,126.97932102,37.50838843,126.99065370,37.51737154
W-21,126.99065370,37.50838843,127.00198639,37.51737154
W-22,127.00198639,37.50838843,127.01331907,37.51737154
W-23,127.01331907,37.50838843,127.02465176,37.51737154
W-24,127.02465176,37.50838843,127.03598444,37.51737154
W-25,127.03598444,37.50838843,127.04731713,37.51737154
W-26,127.04731713,37.50838843,127.05864981,37.51737154
W-27,127.05864981,37.50838843,127.06998250,37.51737154
W-28,127.06998250,37.50838843,127.08131518,37.51737154
W-29,127.08131518,37.50838843,127.09264787,37.51737154
W-30,127.09264787,37.50838843,127.10398055,37.51737154
W-31,127.10398055,37.50838843,127.11531324,37.51737154
W-32,127.11531324,37.50838843,127.12664592,37.51737154
W-33,127.12664592,37.50838843,127.13797861,37.51737154
W-34,127.13797861,37.50838843,127.14931129,37.51737154
W-35,127.14931129,37.50838843,127.16064398,37.51737154
W-36,127.16064398,37.50838843,127.17197666,37.51737154
W-37,127.17197666,37.50838843,127.18330935,37.51737154
W-38,127.18330935,37.50838843,127.19464203,37.51737154
X-1,126.76400000,37.49940532,126.77533269,37.50838843
X-2,126.77533269,37.49940532,126.78666537,37.50838843
X-3,126.78666537,37.49940532,126.79799806,37.50838843
X-4,126.79799806,37.49940532,126.80933074,37.50838843
X-5,126.80933074,37.49940532,126.82066343,37.50838843
X-6,126.82066343,37.49940532,126.83199611,37.50838843
X-7,126.83199611,37.49940532,126.84332880,37.50838843
X-8,126.84332880,37.49940532,126.85466148,37.50838843
X-9,126.85466148,37.49940532,126.86599417,37.50838843
X-10,126.86599417,37.49940532,126.87732685,37.50838843
X-11,126.87732685,37.49940532,126.88865954,37.50838843
X-12,126.88865954,37.49940532,126.89999222,37.50838843
X-13,126.89999222,37.49940532,126.91132491,37.50838843
X-14,126.91132491,37.49940532,126.92265759,37.50838843
X-15,126.92265759,37.49940532,126.93399028,37.50838843
X-16,126.93399028,37.49940532,126.94532296,37.50838843
X-17,126.94532296,37.49940532,126.95665565,37.50838843
X-18,126.95665565,37.49940532,126.96798833,37.50838843
X-19,126.96798833,37.49940532,126.97932102,37.50838843
X-20,126.97932102,37.49940532,126.99065370,37.50838843
X-21,126.99065370,37.49940532,127.00198639,37.50838843
X-22,127.00198639,37.49940532,127.01331907,37.50838843
X-23,127.01331907,37.49940532,127.02465176,37.50838843
X-24,127.02465176,37.49940532,127.03598444,37.50838843
X-25,127.03598444,37.49940532,127.04731713,37.50838843
X-26,127.04731713,37.49940532,127.05864981,37.50838843
X-27,127.05864981,37.49940532,127.06998250,37.50838843
X-28,127.06998250,37.49940532,127.08131518,37.50838843
X-29,127.08131518,37.49940532,127.09264787,37.50838843
X-30,127.09264787,37.49940532,127.10398055,37.50838843
X-31,127.10398055,37.49940532,127.11531324,37.50838843
X-32,127.11531324,37.49940532,127.12664592,37.50838843
X-33,127.12664592,37.49940532,127.13797861,37.50838843
X-34,127.13797861,37.49940532,127.14931129,37.50838843
X-35,127.14931129,37.49940532,127.16064398,37.50838843
X-36,127.16064398,37.49940532,127.17197666,37.50838843
X-37,127.17197666,37.49940532,127.18330935,37.50838843
X-38,127.18330935,37.49940532,127.19464203,37.50838843
Y-1,126.76400000,37.49042221,126.77533269,37.49940532
Y-2,126.77533269,37.49042221,126.78666537,37.49940532
Y-3,126.78666537,37.49042221,126.79799806,37.49940532
Y-4,126.79799806,37.49042221,126.80933074,37.49940532
Y-5,126.80933074,37.49042221,126.82066343,37.49940532
Y-6,126.82066343,37.49042221,126.83199611,37.49940532
Y-7,126.83199611,37.49042221,126.84332880,37.49940532
Y-8,126.84332880,37.49042221,126.85466148,37.49940532
Y-9,126.85466148,37.49042221,126.86599417,37.49940532
Y-10,126.86599417,37.49042221,126.87732685,37.49940532
Y-11,126.87732685,37.49042221,126.88865954,37.49940532
Y-12,126.88865954,37.49042221,126.89999222,37.49940532
Y-13,126.89999222,37.49042221,126.91132491,37.49940532
Y-14,126.91132491,37.49042221,126.92265759,37.49940532
Y-15,126.92265759,37.49042221,126.93399028,37.49940532
Y-16,126.93399028,37.49042221,126.94532296,37.49940532
Y-17,126.94532296,37.49042221,126.95665565,37.49940532
Y-18,126.95665565,37.49042221,126.96798833,37.49940532
Y-19,126.96798833,37.49042221,126.97932102,37.49940532
Y-20,126.97932102,37.49042221,126.99065370,37.49940532
Y-21,126.99065370,37.49042221,127.00198639,37.49940532
Y-22,127.00198639,37.49042221,127.01331907,37.49940532
Y-23,127.01331907,37.49042221,127.02465176,37.49940532
Y-24,127.02465176,37.49042221,127.03598444,37.49940532
Y-25,127.03598444,37.49042221,127.04731713,37.49940532
Y-26,127.04731713,37.49042221,127.05864981,37.49940532
Y-27,127.05864981,37.49042221,127.06998250,37.49940532
Y-28,127.06998250,37.49042221,127.08131518,37.49940532
Y-29,127.08131518,37.49042221,127.09264787,37.49940532
Y-30,127.09264787,37.49042221,127.10398055,37.49940532
Y-31,127.10398055,37.49042221,127.11531324,37.49940532
Y-32,127.11531324,37.49042221,127.12664592,37.49940532
Y-33,127.12664592,37.49042221,127.13797861,37.49940532
Y-34,127.13797861,37.49042221,127.14931129,37.49940532
Y-35,127.14931129,37.49042221,127.16064398,37.49940532
Y-36,127.16064398,37.49042221,127.17197666,37.49940532
Y-37,127.17197666,37.49042221,127.18330935,37.49940532
Y-38,127.18330935,37.49042221,127.19464203,37.49940532
Z-1,126.76400000,37.48143909,126.77533269,37.49042221
Z-2,126.77533269,37.48143909,126.78666537,37.49042221
Z-3,126.78666537,37.48143909,126.79799806,37.49042221
Z-4,126.79799806,37.48143909,126.80933074,37.49042221
Z-5,126.80933074,37.48143909,126.82066343,37.49042221
Z-6,126.82066343,37.48143909,126.83199611,37.49042221
Z-7,126.83199611,37.48143909,126.84332880,37.49042221
Z-8,126.84332880,37.48143909,126.85466148,37.49042221
Z-9,126.85466148,37.48143909,126.86599417,37.49042221
Z-10,126.86599417,37.48143909,126.87732685,37.49042221
Z-11,126.87732685,37.48143909,126.88865954,37.49042221
Z-12,126.88865954,37.48143909,126.89999222,37.49042221
Z-13,126.89999222,37.48143909,126.91132491,37.49042221
Z-14,126.91132491,37.48143909,126.92265759,37.49042221
Z-15,126.92265759,37.48143909,126.93399028,37.49042221
Z-16,126.93399028,37.48143909,126.94532296,37.49042221
Z-17,126.94532296,37.48143909,126.95665565,37.49042221
Z-18,126.95665565,37.48143909,126.96798833,37.49042221
Z-19,126.96798833,37.48143909,126.97932102,37.49042221
Z-20,126.97932102,37.48143909,126.99065370,37.49042221
Z-21,126.99065370,37.48143909,127.00198639,37.49042221
Z-22,127.00198639,37.48143909,127.01331907,37.49042221
Z-23,127.01331907,37.48143909,127.02465176,37.49042221
Z-24,127.02465176,37.48143909,127.03598444,37.49042221
Z-25,127.03598444,37.48143909,127.04731713,37.49042221
Z-26,127.04731713,37.48143909,127.05864981,37.49042221
Z-27,127.05864981,37.48143909,127.06998250,37.49042221
Z-28,127.06998250,37.48143909,127.08131518,37.49042221
Z-29,127.08131518,37.48143909,127.09264787,37.49042221
Z-30,127.09264787,37.48143909,127.10398055,37.49042221
Z-31,127.10398055,37.48143909,127.11531324,37.49042221
Z-32,127.11531324,37.48143909,127.12664592,37.49042221
Z-33,127.12664592,37.48143909,127.13797861,37.49042221
Z-34,127.13797861,37.48143909,127.14931129,37.49042221
Z-35,127.14931129,37.48143909,127.16064398,37.49042221
Z-36,127.16064398,37.48143909,127.17197666,37.49042221
Z-37,127.17197666,37.48143909,127.18330935,37.49042221
Z-38,127.18330935,37.48143909,127.19464203,37.49042221
AA-1,126.76400000,37.47245598,126.77533269,37.48143909
AA-2,126.77533269,37.47245598,126.78666537,37.48143909
AA-3,126.78666537,37.47245598,126.79799806,37.48143909
AA-4,126.79799806,37.47245598,126.80933074,37.48143909
AA-5,126.80933074,37.47245598,126.82066343,37.48143909
AA-6,126.82066343,37.47245598,126.83199611,37.48143909
AA-7,126.83199611,37.47245598,126.84332880,37.48143909
AA-8,126.84332880,37.47245598,126.85466148,37.48143909
AA-9,126.85466148,37.47245598,126.86599417,37.48143909
AA-10,126.86599417,37.47245598,126.87732685,37.48143909
AA-11,126.87732685,37.47245598,126.88865954,37.48143909
AA-12,126.88865954,37.47245598,126.89999222,37.48143909
AA-13,126.89999222,37.47245598,126.91132491,37.48143909
AA-14,126.91132491,37.47245598,126.92265759,37.48143909
AA-15,126.92265759,37.47245598,126.93399028,37.48143909
AA-16,126.93399028,37.47245598,126.94532296,37.48143909
AA-17,126.94532296,37.47245598,126.95665565,37.48143909
AA-18,126.95665565,37.47245598,126.96798833,37.48143909
AA-19,126.96798833,37.47245598,126.97932102,37.48143909
AA-20,126.97932102,37.47245598,126.99065370,37.48143909
AA-21,126.99065370,37.47245598,127.00198639,37.48143909
AA-22,127.00198639,37.47245598,127.01331907,37.48143909
AA-23,127.01331907,37.47245598,127.02465176,37.48143909
AA-24,127.02465176,37.47245598,127.03598444,37.48143909
AA-25,127.03598444,37.47245598,127.04731713,37.48143909
AA-26,127.04731713,37.47245598,127.05864981,37.48143909
AA-27,127.05864981,37.47245598,127.06998250,37.48143909
AA-28,127.06998250,37.47245598,127.08131518,37.48143909
AA-29,127.08131518,37.47245598,127.09264787,37.48143909
AA-30,127.09264787,37.47245598,127.10398055,37.48143909
AA-31,127.10398055,37.47245598,127.11531324,37.48143909
AA-32,127.11531324,37.47245598,127.12664592,37.48143909
AA-33,127.12664592,37.47245598,127.13797861,37.48143909
AA-34,127.13797861,37.47245598,127.14931129,37.48143909
AA-35,127.14931129,37.47245598,127.16064398,37.48143909
AA-36,127.16064398,37.47245598,127.17197666,37.48143909
AA-37,127.17197666,37.47245598,127.18330935,37.48143909
AA-38,127.18330935,37.47245598,127.19464203,37.48143909
AB-1,126.76400000,37.46347287,126.77533269,37.47245598
AB-2,126.77533269,37.46347287,126.78666537,37.47245598
AB-3,126.78666537,37.46347287,126.79799806,37.47245598
AB-4,126.79799806,37.46347287,126.80933074,37.47245598
AB-5,126.80933074,37.46347287,126.82066343,37.47245598
AB-6,126.82066343,37.46347287,126.83199611,37.47245598
AB-7,126.83199611,37.46347287,126.84332880,37.47245598
AB-8,126.84332880,37.46347287,126.85466148,37.47245598
AB-9,126.85466148,37.46347287,126.86599417,37.47245598
AB-10,126.86599417,37.46347287,126.87732685,37.47245598
AB-11,126.87732685,37.46347287,126.88865954,37.47245598
AB-12,126.88865954,37.46347287,126.89999222,37.47245598
AB-13,126.89999222,37.46347287,126.91132491,37.47245598
AB-14,126.91132491,37.46347287,126.92265759,37.47245598
AB-15,126.92265759,37.46347287,126.93399028,37.47245598
AB-16,126.93399028,37.46347287,126.94532296,37.47245598
AB-17,126.94532296,37.46347287,126.95665565,37.47245598
AB-18,126.95665565,37.46347287,126.96798833,37.47245598
AB-19,126.96798833,37.46347287,126.97932102,37.47245598
AB-20,126.97932102,37.46347287,126.99065370,37.47245598
AB-21,126.99065370,37.46347287,127.00198639,37.47245598
AB-22,127.00198639,37.46347287,127.01331907,37.47245598
AB-23,127.01331907,37.46347287,127.02465176,37.47245598
AB-24,127.02465176,37.46347287,127.03598444,37.47245598
AB-25,127.03598444,37.46347287,127.04731713,37.47245598
AB-26,127.04731713,37.46347287,127.05864981,37.47245598
AB-27,127.05864981,37.46347287,127.06998250,37.47245598
AB-28,127.06998250,37.46347287,127.08131518,37.47245598
AB-29,127.08131518,37.46347287,127.09264787,37.47245598
AB-30,127.09264787,37.46347287,127.10398055,37.47245598
AB-31,127.10398055,37.46347287,127.11531324,37.47245598
AB-32,127.11531324,37.46347287,127.12664592,37.47245598
AB-33,127.12664592,37.46347287,127.13797861,37.47245598
AB-34,127.13797861,37.46347287,127.14931129,37.47245598
AB-35,127.14931129,37.46347287,127.16064398,37.47245598
AB-36,127.16064398,37.46347287,127.17197666,37.47245598
AB-37,127.17197666,37.46347287,127.18330935,37.47245598
AB-38,127.18330935,37.46347287,127.19464203,37.47245598
AC-1,126.76400000,37.45448976,126.77533269,37.46347287
AC-2,126.77533269,37.45448976,126.78666537,37.46347287
AC-3,126.78666537,37.45448976,126.79799806,37.46347287
AC-4,126.79799806,37.45448976,126.80933074,37.46347287
AC-5,126.80933074,37.45448976,126.82066343,37.46347287
AC-6,126.82066343,37.45448976,126.83199611,37.46347287
AC-7,126.83199611,37.45448976,126.84332880,37.46347287
AC-8,126.84332880,37.45448976,126.85466148,37.46347287
AC-9,126.85466148,37.45448976,126.86599417,37.46347287
AC-10,126.86599417,37.45448976,126.87732685,37.46347287
AC-11,126.87732685,37.45448976,126.88865954,37.46347287
AC-12,126.88865954,37.45448976,126.89999222,37.46347287
AC-13,126.89999222,37.45448976,126.91132491,37.46347287
AC-14,126.91132491,37.45448976,126.92265759,37.46347287
AC-15,126.92265759,37.45448976,126.93399028,37.46347287
AC-16,126.93399028,37.45448976,126.94532296,37.46347287
AC-17,126.94532296,37.45448976,126.95665565,37.46347287
AC-18,126.95665565,37.45448976,126.96798833,37.46347287
AC-19,126.96798833,37.45448976,126.97932102,37.46347287
AC-20,126.97932102,37.45448976,126.99065370,37.46347287
AC-21,126.99065370,37.45448976,127.00198639,37.46347287
AC-22,127.00198639,37.45448976,127.01331907,37.46347287
AC-23,127.01331907,37.45448976,127.02465176,37.46347287
AC-24,127.02465176,37.45448976,127.03598444,37.46347287
AC-25,127.03598444,37.45448976,127.04731713,37.46347287
AC-26,127.04731713,37.45448976,127.05864981,37.46347287
AC-27,127.05864981,37.45448976,127.06998250,37.46347287
AC-28,127.06998250,37.45448976,127.08131518,37.46347287
AC-29,127.08131518,37.45448976,127.09264787,37.46347287
AC-30,127.09264787,37.45448976,127.10398055,37.46347287
AC-31,127.10398055,37.45448976,127.11531324,37.46347287
AC-32,127.11531324,37.45448976,127.12664592,37.46347287
AC-33,127.12664592,37.45448976,127.13797861,37.46347287
AC-34,127.13797861,37.45448976,127.14931129,37.46347287
AC-35,127.14931129,37.45448976,127.16064398,37.46347287
AC-36,127.16064398,37.45448976,127.17197666,37.46347287
AC-37,127.17197666,37.45448976,127.18330935,37.46347287
AC-38,127.18330935,37.45448976,127.19464203,37.46347287
AD-1,126.76400000,37.44550665,126.77533269,37.45448976
AD-2,126.77533269,37.44550665,126.78666537,37.45448976
AD-3,126.78666537,37.44550665,126.79799806,37.45448976
AD-4,126.79799806,37.44550665,126.80933074,37.45448976
AD-5,126.80933074,37.44550665,126.82066343,37.45448976
AD-6,126.82066343,37.44550665,126.83199611,37.45448976
AD-7,126.83199611,37.44550665,126.84332880,37.45448976
AD-8,126.84332880,37.44550665,126.85466148,37.45448976
AD-9,126.85466148,37.44550665,126.86599417,37.45448976
AD-10,126.86599417,37.44550665,126.87732685,37.45448976
AD-11,126.87732685,37.44550665,126.88865954,37.45448976
AD-12,126.88865954,37.44550665,126.89999222,37.45448976
AD-13,126.89999222,37.44550665,126.91132491,37.45448976
AD-14,126.91132491,37.44550665,126.92265759,37.45448976
AD-15,126.92265759,37.44550665,126.93399028,37.45448976
AD-16,126.93399028,37.44550665,126.94532296,37.45448976
AD-17,126.94532296,37.44550665,126.95665565,37.45448976
AD-18,126.95665565,37.44550665,126.96798833,37.45448976
AD-19,126.96798833,37.44550665,126.97932102,37.45448976
AD-20,126.97932102,37.44550665,126.99065370,37.45448976
AD-21,126.99065370,37.44550665,127.00198639,37.45448976
AD-22,127.00198639,37.44550665,127.01331907,37.45448976
AD-23,127.01331907,37.44550665,127.02465176,37.45448976
AD-24,127.02465176,37.44550665,127.03598444,37.45448976
AD-25,127.03598444,37.44550665,127.04731713,37.45448976
AD-26,127.04731713,37.44550665,127.05864981,37.45448976
AD-27,127.05864981,37.44550665,127.06998250,37.45448976
AD-28,127.06998250,37.44550665,127.08131518,37.45448976
AD-29,127.08131518,37.44550665,127.09264787,37.45448976
AD-30,127.09264787,37.44550665,127.10398055,37.45448976
AD-31,127.10398055,37.44550665,127.11531324,37.45448976
AD-32,127.11531324,37.44550665,127.12664592,37.45448976
AD-33,127.12664592,37.44550665,127.13797861,37.45448976
AD-34,127.13797861,37.44550665,127.14931129,37.45448976
AD-35,127.14931129,37.44550665,127.16064398,37.45448976
AD-36,127.16064398,37.44550665,127.17197666,37.45448976
AD-37,127.17197666,37.44550665,127.18330935,37.45448976
AD-38,127.18330935,37.44550665,127.19464203,37.45448976
AE-1,126.76400000,37.43652354,126.77533269,37.44550665
AE-2,126.77533269,37.43652354,126.78666537,37.44550665
AE-3,126.78666537,37.43652354,126.79799806,37.44550665
AE-4,126.79799806,37.43652354,126.80933074,37.44550665
AE-5,126.80933074,37.43652354,126.82066343,37.44550665
AE-6,126.82066343,37.43652354,126.83199611,37.44550665
AE-7,126.83199611,37.43652354,126.84332880,37.44550665
AE-8,126.84332880,37.43652354,126.85466148,37.44550665
AE-9,126.85466148,37.43652354,126.86599417,37.44550665
AE-10,126.86599417,37.43652354,126.87732685,37.44550665
AE-11,126.87732685,37.43652354,126.88865954,37.44550665
AE-12,126.88865954,37.43652354,126.89999222,37.44550665
AE-13,126.89999222,37.43652354,126.91132491,37.44550665
AE-14,126.91132491,37.43652354,126.92265759,37.44550665
AE-15,126.92265759,37.43652354,126.93399028,37.44550665
AE-16,126.93399028,37.43652354,126.94532296,37.44550665
AE-17,126.94532296,37.43652354,126.95665565,37.44550665
AE-18,126.95665565,37.43652354,126.96798833,37.44550665
AE-19,126.96798833,37.43652354,126.97932102,37.44550665
AE-20,126.97932102,37.43652354,126.99065370,37.44550665
AE-21,126.99065370,37.43652354,127.00198639,37.44550665
AE-22,127.00198639,37.43652354,127.01331907,37.44550665
AE-23,127.01331907,37.43652354,127.02465176,37.44550665
AE-24,127.02465176,37.43652354,127.03598444,37.44550665
AE-25,127.03598444,37.43652354,127.04731713,37.44550665
AE-26,127.04731713,37.43652354,127.05864981,37.44550665
AE-27,127.05864981,37.43652354,127.06998250,37.44550665
AE-28,127.06998250,37.43652354,127.08131518,37.44550665
AE-29,127.08131518,37.43652354,127.09264787,37.44550665
AE-30,127.09264787,37.43652354,127.10398055,37.44550665
AE-31,127.10398055,37.43652354,127.11531324,37.44550665
AE-32,127.11531324,37.43652354,127.12664592,37.44550665
AE-33,127.12664592,37.43652354,127.13797861,37.44550665
AE-34,127.13797861,37.43652354,127.14931129,37.44550665
AE-35,127.14931129,37.43652354,127.16064398,37.44550665
AE-36,127.16064398,37.43652354,127.17197666,37.44550665
AE-37,127.17197666,37.43652354,127.18330935,37.44550665
AE-38,127.18330935,37.43652354,127.19464203,37.44550665
AF-1,126.76400000,37.42754042,126.77533269,37.43652354
AF-2,126.77533269,37.42754042,126.78666537,37.43652354
AF-3,126.78666537,37.42754042,126.79799806,37.43652354
AF-4,126.79799806,37.42754042,126.80933074,37.43652354
AF-5,126.80933074,37.42754042,126.82066343,37.43652354
AF-6,126.82066343,37.42754042,126.83199611,37.43652354
AF-7,126.83199611,37.42754042,126.84332880,37.43652354
AF-8,126.84332880,37.42754042,126.85466148,37.43652354
AF-9,126.85466148,37.42754042,126.86599417,37.43652354
AF-10,126.86599417,37.42754042,126.87732685,37.43652354
AF-11,126.87732685,37.42754042,126.88865954,37.43652354
AF-12,126.88865954,37.42754042,126.89999222,37.43652354
AF-13,126.89999222,37.42754042,126.91132491,37.43652354
AF-14,126.91132491,37.42754042,126.92265759,37.43652354
AF-15,126.92265759,37.42754042,126.93399028,37.43652354
AF-16,126.93399028,37.42754042,126.94532296,37.43652354
AF-17,126.94532296,37.42754042,126.95665565,37.43652354
AF-18,126.95665565,37.42754042,126.96798833,37.43652354
AF-19,126.96798833,37.42754042,126.97932102,37.43652354
AF-20,126.97932102,37.42754042,126.99065370,37.43652354
AF-21,126.99065370,37.42754042,127.00198639,37.43652354
AF-22,127.00198639,37.42754042,127.01331907,37.43652354
AF-23,127.01331907,37.42754042,127.02465176,37.43652354
AF-24,127.02465176,37.42754042,127.03598444,37.43652354
AF-25,127.03598444,37.42754042,127.04731713,37.43652354
AF-26,127.04731713,37.42754042,127.05864981,37.43652354
AF-27,127.05864981,37.42754042,127.06998250,37.43652354
AF-28,127.06998250,37.42754042,127.08131518,37.43652354
AF-29,127.08131518,37.42754042,127.09264787,37.43652354
AF-30,127.09264787,37.42754042,127.10398055,37.43652354
AF-31,127.10398055,37.42754042,127.11531324,37.43652354
AF-32,127.11531324,37.42754042,127.12664592,37.43652354
AF-33,127.12664592,37.42754042,127.13797861,37.43652354
AF-34,127.13797861,37.42754042,127.14931129,37.43652354
AF-35,127.14931129,37.42754042,127.16064398,37.43652354
AF-36,127.16064398,37.42754042,127.17197666,37.43652354
AF-37,127.17197666,37.42754042,127.18330935,37.43652354
AF-38,127.18330935,37.42754042,127.19464203,37.43652354
AG-1,126.76400000,37.41855731,126.77533269,37.42754042
AG-2,126.77533269,37.41855731,126.78666537,37.42754042
AG-3,126.78666537,37.41855731,126.79799806,37.42754042
AG-4,126.79799806,37.41855731,126.80933074,37.42754042
AG-5,126.80933074,37.41855731,126.82066343,37.42754042
AG-6,126.82066343,37.41855731,126.83199611,37.42754042
AG-7,126.83199611,37.41855731,126.84332880,37.42754042
AG-8,126.84332880,37.41855731,126.85466148,37.42754042
AG-9,126.85466148,37.41855731,126.86599417,37.42754042
AG-10,126.86599417,37.41855731,126.87732685,37.42754042
AG-11,126.87732685,37.41855731,126.88865954,37.42754042
AG-12,126.88865954,37.41855731,126.89999222,37.42754042
AG-13,126.89999222,37.41855731,126.91132491,37.42754042
AG-14,126.91132491,37.41855731,126.92265759,37.42754042
AG-15,126.92265759,37.41855731,126.93399028,37.42754042
AG-16,126.93399028,37.41855731,126.94532296,37.42754042
AG-17,126.94532296,37.41855731,126.95665565,37.42754042
AG-18,126.95665565,37.41855731,126.96798833,37.42754042
AG-19,126.96798833,37.41855731,126.97932102,37.42754042
AG-20,126.97932102,37.41855731,126.99065370,37.42754042
AG-21,126.99065370,37.41855731,127.00198639,37.42754042
AG-22,127.00198639,37.41855731,127.01331907,37.42754042
AG-23,127.01331907,37.41855731,127.02465176,37.42754042
AG-24,127.02465176,37.41855731,127.03598444,37.42754042
AG-25,127.03598444,37.41855731,127.04731713,37.42754042
AG-26,127.04731713,37.41855731,127.05864981,37.42754042
AG-27,127.05864981,37.41855731,127.06998250,37.42754042
AG-28,127.06998250,37.41855731,127.08131518,37.42754042
AG-29,127.08131518,37.41855731,127.09264787,37.42754042
AG-30,127.09264787,37.41855731,127.10398055,37.42754042
AG-31,127.10398055,37.41855731,127.11531324,37.42754042
AG-32,127.11531324,37.41855731,127.12664592,37.42754042
AG-33,127.12664592,37.41855731,127.13797861,37.42754042
AG-34,127.13797861,37.41855731,127.14931129,37.42754042
AG-35,127.14931129,37.41855731,127.16064398,37.42754042
AG-36,127.16064398,37.41855731,127.17197666,37.42754042
AG-37,127.17197666,37.41855731,127.18330935,37.42754042
AG-38,127.18330935,37.41855731,127.19464203,37.42754042
AH-1,126.76400000,37.40957420,126.77533269,37.41855731
AH-2,126.77533269,37.40957420,126.78666537,37.41855731
AH-3,126.78666537,37.40957420,126.79799806,37.41855731
AH-4,126.79799806,37.40957420,126.80933074,37.41855731
AH-5,126.80933074,37.40957420,126.82066343,37.41855731
AH-6,126.82066343,37.40957420,126.83199611,37.41855731
AH-7,126.83199611,37.40957420,126.84332880,37.41855731
AH-8,126.84332880,37.40957420,126.85466148,37.41855731
AH-9,126.85466148,37.40957420,126.86599417,37.41855731
AH-10,126.86599417,37.40957420,126.87732685,37.41855731
AH-11,126.87732685,37.40957420,126.88865954,37.41855731
AH-12,126.88865954,37.40957420,126.89999222,37.41855731
AH-13,126.89999222,37.40957420,126.91132491,37.41855731
AH-14,126.91132491,37.40957420,126.92265759,37.41855731
AH-15,126.92265759,37.40957420,126.93399028,37.41855731
AH-16,126.93399028,37.40957420,126.94532296,37.41855731
AH-17,126.94532296,37.40957420,126.95665565,37.41855731
AH-18,126.95665565,37.40957420,126.96798833,37.41855731
AH-19,126.96798833,37.40957420,126.97932102,37.41855731
AH-20,126.97932102,37.40957420,126.99065370,37.41855731
AH-21,126.99065370,37.40957420,127.00198639,37.41855731
AH-22,127.00198639,37.40957420,127.01331907,37.41855731
AH-23,127.01331907,37.40957420,127.02465176,37.41855731
AH-24,127.02465176,37.40957420,127.03598444,37.41855731
AH-25,127.03598444,37.40957420,127.04731713,37.41855731
AH-26,127.04731713,37.40957420,127.05864981,37.41855731
AH-27,127.05864981,37.40957420,127.06998250,37.41855731
AH-28,127.06998250,37.40957420,127.08131518,37.41855731
AH-29,127.08131518,37.40957420,127.09264787,37.41855731
AH-30,127.09264787,37.40957420,127.10398055,37.41855731
AH-31,127.10398055,37.40957420,127.11531324,37.41855731
AH-32,127.11531324,37.40957420,127.12664592,37.41855731
AH-33,127.12664592,37.40957420,127.13797861,37.41855731
AH-34,127.13797861,37.40957420,127.14931129,37.41855731
AH-35,127.14931129,37.40957420,127.16064398,37.41855731
AH-36,127.16064398,37.40957420,127.17197666,37.41855731
AH-37,127.17197666,37.40957420,127.18330935,37.41855731
AH-38,127.18330935,37.40957420,127.19464203,37.41855731
